Scale,RobustProfile,Method,NumDUs,NumUEs,NumRBGs,NumTxAntennas,NumRxAntennas,InnerMaxIter,Evaluations,RuntimeSeconds,EstimatedObjective,TrueObjective,TrueEdgeExperienceRate5,TrueMeanExperienceRate,TotalPower,ActiveLinks,Jain,RobustEnabled,UncertaintyPenalty,ChannelShrinkage,UnmeasuredPenalty,MeanErrorVariance,MeasuredFraction
probe,nonrobust,basic,21,21,4,8,2,1,1,0.4377894,394.817854684081,384.908960541096,0,0,83,168,0.973737289821801,0,2.5,0.75,1,0.373055304241882,1
probe,nonrobust,inner,21,21,4,8,2,1,1,0.3363487,676.153714205449,602.520285164562,0,0,83,168,0.913790531349622,0,2.5,0.75,1,0.373055304241882,1
probe,nonrobust,PSO+GA,21,21,4,8,2,1,2,0.565045,714.377601698724,639.712262768796,0,0,84,252,0.93150192261142,0,2.5,0.75,1,0.373055304241882,1
probe,default,basic,21,21,4,8,2,1,1,0.1604955,394.817854684081,384.908960541096,0,0,83,168,0.973737289821801,1,2.5,0.75,1,0.373055304241882,1
probe,default,inner,21,21,4,8,2,1,1,0.2026437,673.459249258926,608.284412997439,0,0,83,168,0.917075200858637,1,2.5,0.75,1,0.373055304241882,1
probe,default,PSO+GA,21,21,4,8,2,1,2,0.4384794,713.895122994953,651.207267473365,0,0,84,252,0.9196522502756,1,2.5,0.75,1,0.373055304241882,1
medium,nonrobust,basic,21,42,8,8,2,1,1,0.6613275,899.810115044554,880.581097804189,0,2.17906625012121,168,672,0.965473436842011,0,2.5,0.75,1,0.371312773095505,1
medium,nonrobust,inner,21,42,8,8,2,1,1,0.7863262,1371.35555967254,1293.69073805287,0,3.28973538490932,168,672,0.864056052782903,0,2.5,0.75,1,0.371312773095505,1
medium,nonrobust,PSO+GA,21,42,8,8,2,1,2,1.8700607,1531.03597507994,1444.31957043275,0,3.56803916215083,168,1008,0.88209724250223,0,2.5,0.75,1,0.371312773095505,1
medium,nonrobust,PGSAO,21,42,8,8,2,1,2,1.682954,1531.03597507994,1444.31957043275,0,3.56803916215083,168,1008,0.88209724250223,0,2.5,0.75,1,0.371312773095505,1
medium,soft,basic,21,42,8,8,2,1,1,0.4239861,899.810115044554,880.581097804189,0,2.17906625012121,168,672,0.965473436842011,1,1.25,0.45,0.5,0.371312773095505,1
medium,soft,inner,21,42,8,8,2,1,1,0.918773,1377.07694906768,1301.82002534174,0,3.30359720116269,168,672,0.856442313397174,1,1.25,0.45,0.5,0.371312773095505,1
medium,soft,PSO+GA,21,42,8,8,2,1,2,1.5047677,1537.78653519012,1454.6169242719,0,3.59716462958042,168,1008,0.872246917225356,1,1.25,0.45,0.5,0.371312773095505,1
medium,soft,PGSAO,21,42,8,8,2,1,2,1.5008631,1537.78653519012,1454.6169242719,0,3.59716462958042,168,1008,0.872246917225356,1,1.25,0.45,0.5,0.371312773095505,1
medium,default,basic,21,42,8,8,2,1,1,0.3685067,899.810115044554,880.581097804189,0,2.17906625012121,168,672,0.965473436842011,1,2.5,0.75,1,0.371312773095505,1
medium,default,inner,21,42,8,8,2,1,1,0.7644085,1379.75129036859,1306.75949211358,0,3.31102163557312,168,672,0.849573308420689,1,2.5,0.75,1,0.371312773095505,1
medium,default,PSO+GA,21,42,8,8,2,1,2,1.3816383,1539.99613498466,1459.83977801184,0,3.61087108563396,168,1008,0.863334129670139,1,2.5,0.75,1,0.371312773095505,1
medium,default,PGSAO,21,42,8,8,2,1,2,1.4160989,1539.99613498466,1459.83977801184,0,3.61087108563396,168,1008,0.863334129670139,1,2.5,0.75,1,0.371312773095505,1
medium,aggressive,basic,21,42,8,8,2,1,1,0.3784317,899.810115044554,880.581097804189,0,2.17906625012121,168,672,0.965473436842011,1,4,0.9,1.5,0.371312773095505,1
medium,aggressive,inner,21,42,8,8,2,1,1,0.7599753,1380.04587866731,1309.54993032492,0,3.31351054635952,168,672,0.843191810509532,1,4,0.9,1.5,0.371312773095505,1
medium,aggressive,PSO+GA,21,42,8,8,2,1,2,1.4102139,1539.41888678306,1462.3766517597,0,3.61743221662611,168,1008,0.85499739997116,1,4,0.9,1.5,0.371312773095505,1
medium,aggressive,PGSAO,21,42,8,8,2,1,2,1.4035262,1539.41888678306,1462.3766517597,0,3.61743221662611,168,1008,0.85499739997116,1,4,0.9,1.5,0.371312773095505,1
full_lite,nonrobust,basic,21,63,12,12,2,1,1,0.7041186,1888.62531290894,1839.26332633302,1.58658663293902,2.44367822198148,252,1512,0.969575119376534,0,2.5,0.75,1,0.370045481978174,1
full_lite,nonrobust,inner,21,63,12,12,2,1,1,1.6842026,2863.41219158335,2694.3795162865,1.02669609633262,3.59861250480102,252,1512,0.862198048319361,0,2.5,0.75,1,0.370045481978174,1
full_lite,nonrobust,PSO+GA,21,63,12,12,2,1,2,3.059777,3234.26050794483,3048.83196808105,1.52582714852505,4.00704535415505,252,2268,0.887349966999154,0,2.5,0.75,1,0.370045481978174,1
full_lite,nonrobust,PGSAO,21,63,12,12,2,1,2,3.119162,3234.26050794483,3048.83196808105,1.52582714852505,4.00704535415505,252,2268,0.887349966999154,0,2.5,0.75,1,0.370045481978174,1
full_lite,aggressive,basic,21,63,12,12,2,1,1,0.8219054,1888.62531290894,1839.26332633302,1.58658663293902,2.44367822198148,252,1512,0.969575119376534,1,4,0.9,1.5,0.370045481978174,1
full_lite,aggressive,inner,21,63,12,12,2,1,1,2.1604945,2882.9583064587,2728.16930945167,0.890750265949264,3.64236586686906,252,1512,0.837333357321954,1,4,0.9,1.5,0.370045481978174,1
full_lite,aggressive,PSO+GA,21,63,12,12,2,1,2,3.8898474,3249.95857610619,3081.22375818264,1.30965473344331,4.05389366609037,252,2268,0.860708708961173,1,4,0.9,1.5,0.370045481978174,1
full_lite,aggressive,PGSAO,21,63,12,12,2,1,2,3.4239014,3249.95857610619,3081.22375818264,1.30965473344331,4.05389366609037,252,2268,0.860708708961173,1,4,0.9,1.5,0.370045481978174,1
